Feature,Mean_Absolute_SHAP
substance_freq,0.04208491055989183
first_use_age,0.033652716439221984
first_use_age_scaled,0.031202105049867007
age_scaled,0.02701577785062269
age,0.024910632845780458
mental_health_diagnosis,0.02277263464307345
support_system,0.019914008411987014
stress_level,0.018466137913330363
coping_mechanism,0.01605511292586488
withdrawal_symptoms,0.014078321639136743
